日期,日出时间,日落时间
2025-01-01,06:57:44,17:06:43
2025-01-02,06:57:56,17:07:25
2025-01-03,06:58:07,17:08:09
2025-01-04,06:58:17,17:08:53
2025-01-05,06:58:25,17:09:38
2025-01-06,06:58:31,17:10:24
2025-01-07,06:58:36,17:11:11
2025-01-08,06:58:38,17:11:59
2025-01-09,06:58:40,17:12:48
2025-01-10,06:58:39,17:13:37
2025-01-11,06:58:37,17:14:27
2025-01-12,06:58:33,17:15:18
2025-01-13,06:58:28,17:16:09
2025-01-14,06:58:21,17:17:01
2025-01-15,06:58:12,17:17:53
2025-01-16,06:58:02,17:18:46
2025-01-17,06:57:50,17:19:39
2025-01-18,06:57:36,17:20:32
2025-01-19,06:57:20,17:21:26
2025-01-20,06:57:03,17:22:20
2025-01-21,06:56:45,17:23:14
2025-01-22,06:56:24,17:24:09
2025-01-23,06:56:03,17:25:04
2025-01-24,06:55:39,17:25:59
2025-01-25,06:55:14,17:26:54
2025-01-26,06:54:47,17:27:49
2025-01-27,06:54:19,17:28:44
2025-01-28,06:53:49,17:29:39
2025-01-29,06:53:18,17:30:34
2025-01-30,06:52:45,17:31:29
2025-01-31,06:52:11,17:32:24
2025-02-01,06:51:35,17:33:18
2025-02-02,06:50:58,17:34:12
2025-02-03,06:50:19,17:35:06
2025-02-04,06:49:39,17:36:00
2025-02-05,06:48:58,17:36:54
2025-02-06,06:48:15,17:37:48
2025-02-07,06:47:30,17:38:42
2025-02-08,06:46:45,17:39:36
2025-02-09,06:45:58,17:40:29
2025-02-10,06:45:10,17:41:22
2025-02-11,06:44:20,17:42:15
2025-02-12,06:43:30,17:43:07
2025-02-13,06:42:38,17:44:00
2025-02-14,06:41:45,17:44:51
2025-02-15,06:40:50,17:45:42
2025-02-16,06:39:54,17:46:33
2025-02-17,06:38:57,17:47:23
2025-02-18,06:37:59,17:48:13
2025-02-19,06:37:00,17:49:02
2025-02-20,06:36:00,17:49:51
2025-02-21,06:34:59,17:50:39
2025-02-22,06:33:57,17:51:27
2025-02-23,06:32:54,17:52:14
2025-02-24,06:31:50,17:53:01
2025-02-25,06:30:45,17:53:47
2025-02-26,06:29:39,17:54:33
2025-02-27,06:28:32,17:55:18
2025-02-28,06:27:18,17:55:48
2025-03-01,06:26:11,17:56:32
2025-03-02,06:25:02,17:57:16
2025-03-03,06:23:53,17:58:00
2025-03-04,06:22:44,17:58:43
2025-03-05,06:21:33,17:59:26
2025-03-06,06:20:22,18:00:09
2025-03-07,06:19:11,18:00:51
2025-03-08,06:17:59,18:01:33
2025-03-09,06:16:47,18:02:14
2025-03-10,06:15:33,18:02:55
2025-03-11,06:14:19,18:03:36
2025-03-12,06:13:05,18:04:16
2025-03-13,06:11:51,18:04:56
2025-03-14,06:10:36,18:05:35
2025-03-15,06:09:21,18:06:14
2025-03-16,06:08:06,18:06:52
2025-03-17,06:06:51,18:07:30
2025-03-18,06:05:36,18:08:07
2025-03-19,06:04:21,18:08:44
2025-03-20,06:03:06,18:09:21
2025-03-21,06:01:50,18:09:57
2025-03-22,06:00:35,18:10:33
2025-03-23,05:59:20,18:11:08
2025-03-24,05:58:05,18:11:43
2025-03-25,05:56:49,18:12:17
2025-03-26,05:55:34,18:12:51
2025-03-27,05:54:18,18:13:25
2025-03-28,05:53:03,18:13:58
2025-03-29,05:51:36,18:14:31
2025-03-30,05:50:20,18:15:04
2025-03-31,05:49:04,18:15:37
2025-04-01,05:47:49,18:16:09
2025-04-02,05:46:33,18:16:41
2025-04-03,05:45:18,18:17:13
2025-04-04,05:44:03,18:17:44
2025-04-05,05:42:48,18:18:15
2025-04-06,05:41:33,18:18:46
2025-04-07,05:40:19,18:19:16
2025-04-08,05:39:05,18:19:46
2025-04-09,05:37:52,18:20:16
2025-04-10,05:36:39,18:20:46
2025-04-11,05:35:27,18:21:15
2025-04-12,05:34:15,18:21:44
2025-04-13,05:33:04,18:22:13
2025-04-14,05:31:53,18:22:41
2025-04-15,05:30:43,18:23:09
2025-04-16,05:29:34,18:23:37
2025-04-17,05:28:25,18:24:04
2025-04-18,05:27:17,18:24:31
2025-04-19,05:26:10,18:24:58
2025-04-20,05:25:03,18:25:24
2025-04-21,05:23:57,18:25:50
2025-04-22,05:22:52,18:26:16
2025-04-23,05:21:48,18:26:41
2025-04-24,05:20:44,18:27:06
2025-04-25,05:19:41,18:27:31
2025-04-26,05:18:39,18:27:55
2025-04-27,05:17:37,18:28:19
2025-04-28,05:16:37,18:28:43
2025-04-29,05:15:37,18:29:06
2025-04-30,05:14:38,18:29:29
2025-05-01,05:13:40,18:29:52
2025-05-02,05:12:43,18:30:14
2025-05-03,05:11:47,18:30:36
2025-05-04,05:10:52,18:30:58
2025-05-05,05:09:58,18:31:19
2025-05-06,05:09:05,18:31:40
2025-05-07,05:08:12,18:32:00
2025-05-08,05:07:21,18:32:20
2025-05-09,05:06:30,18:32:39
2025-05-10,05:05:41,18:32:58
2025-05-11,05:04:52,18:33:17
2025-05-12,05:04:04,18:33:35
2025-05-13,05:03:17,18:33:52
2025-05-14,05:02:31,18:34:09
2025-05-15,05:01:46,18:34:26
2025-05-16,05:01:02,18:34:42
2025-05-17,05:00:18,18:34:57
2025-05-18,04:59:36,18:35:12
2025-05-19,04:58:54,18:35:26
2025-05-20,04:58:13,18:35:40
2025-05-21,04:57:33,18:35:53
2025-05-22,04:56:54,18:36:06
2025-05-23,04:56:16,18:36:18
2025-05-24,04:55:38,18:36:29
2025-05-25,04:55:02,18:36:40
2025-05-26,04:54:26,18:36:50
2025-05-27,04:53:51,18:36:59
2025-05-28,04:53:17,18:37:08
2025-05-29,04:52:44,18:37:16
2025-05-30,04:52:11,18:37:23
2025-05-31,04:51:39,18:37:30
2025-06-01,04:51:08,18:37:36
2025-06-02,04:50:38,18:37:42
2025-06-03,04:50:08,18:37:47
2025-06-04,04:49:40,18:37:51
2025-06-05,04:49:12,18:37:55
2025-06-06,04:48:45,18:37:58
2025-06-07,04:48:19,18:38:00
2025-06-08,04:47:54,18:38:02
2025-06-09,04:47:29,18:38:03
2025-06-10,04:47:06,18:38:03
2025-06-11,04:46:43,18:38:02
2025-06-12,04:46:21,18:38:01
2025-06-13,04:46:00,18:37:59
2025-06-14,04:45:40,18:37:56
2025-06-15,04:45:21,18:37:53
2025-06-16,04:45:02,18:37:49
2025-06-17,04:44:45,18:37:45
2025-06-18,04:44:28,18:37:40
2025-06-19,04:44:12,18:37:34
2025-06-20,04:43:57,18:37:28
2025-06-21,04:43:43,18:37:21
2025-06-22,04:43:30,18:37:13
2025-06-23,04:43:18,18:37:05
2025-06-24,04:43:07,18:36:56
2025-06-25,04:42:57,18:36:47
2025-06-26,04:42:48,18:36:37
2025-06-27,04:42:40,18:36:26
2025-06-28,04:42:33,18:36:15
2025-06-29,04:42:27,18:36:03
2025-06-30,04:42:22,18:35:51
2025-07-01,04:42:18,18:35:38
2025-07-02,04:42:15,18:35:25
2025-07-03,04:42:13,18:35:11
2025-07-04,04:42:12,18:34:57
2025-07-05,04:42:12,18:34:42
2025-07-06,04:42:13,18:34:27
2025-07-07,04:42:15,18:34:11
2025-07-08,04:42:18,18:33:55
2025-07-09,04:42:22,18:33:38
2025-07-10,04:42:27,18:33:21
2025-07-11,04:42:33,18:33:04
2025-07-12,04:42:40,18:32:46
2025-07-13,04:42:47,18:32:28
2025-07-14,04:42:56,18:32:09
2025-07-15,04:43:05,18:31:50
2025-07-16,04:43:15,18:31:31
2025-07-17,04:43:26,18:31:11
2025-07-18,04:43:38,18:30:51
2025-07-19,04:43:51,18:30:30
2025-07-20,04:44:04,18:30:09
2025-07-21,04:44:19,18:29:48
2025-07-22,04:44:34,18:29:26
2025-07-23,04:44:50,18:29:04
2025-07-24,04:45:07,18:28:42
2025-07-25,04:45:24,18:28:19
2025-07-26,04:45:42,18:27:56
2025-07-27,04:46:01,18:27:33
2025-07-28,04:46:20,18:27:10
2025-07-29,04:46:40,18:26:46
2025-07-30,04:47:01,18:26:22
2025-07-31,04:47:22,18:25:58
2025-08-01,04:47:44,18:25:33
2025-08-02,04:48:06,18:25:08
2025-08-03,04:48:29,18:24:43
2025-08-04,04:48:52,18:24:17
2025-08-05,04:49:16,18:23:51
2025-08-06,04:49:40,18:23:25
2025-08-07,04:50:05,18:22:58
2025-08-08,04:50:30,18:22:31
2025-08-09,04:50:56,18:22:04
2025-08-10,04:51:22,18:21:36
2025-08-11,04:51:49,18:21:08
2025-08-12,04:52:16,18:20:40
2025-08-13,04:52:43,18:20:11
2025-08-14,04:53:11,18:19:42
2025-08-15,04:53:39,18:19:13
2025-08-16,04:54:08,18:18:43
2025-08-17,04:54:37,18:18:13
2025-08-18,04:55:06,18:17:43
2025-08-19,04:55:36,18:17:12
2025-08-20,04:56:06,18:16:41
2025-08-21,04:56:37,18:16:10
2025-08-22,04:57:08,18:15:38
2025-08-23,04:57:39,18:15:06
2025-08-24,04:58:11,18:14:34
2025-08-25,04:58:43,18:14:01
2025-08-26,04:59:15,18:13:28
2025-08-27,04:59:48,18:12:55
2025-08-28,05:00:21,18:12:21
2025-08-29,05:00:54,18:11:47
2025-08-30,05:01:28,18:11:13
2025-08-31,05:02:02,18:10:38
2025-09-01,05:02:36,18:10:03
2025-09-02,05:03:11,18:09:27
2025-09-03,05:03:46,18:08:51
2025-09-04,05:04:21,18:08:15
2025-09-05,05:04:57,18:07:38
2025-09-06,05:05:33,18:07:01
2025-09-07,05:06:09,18:06:24
2025-09-08,05:06:46,18:05:46
2025-09-09,05:07:23,18:05:08
2025-09-10,05:08:00,18:04:30
2025-09-11,05:08:38,18:03:51
2025-09-12,05:09:16,18:03:12
2025-09-13,05:09:54,18:02:33
2025-09-14,05:10:33,18:01:53
2025-09-15,05:11:12,18:01:13
2025-09-16,05:11:51,18:00:33
2025-09-17,05:12:31,17:59:52
2025-09-18,05:13:11,17:59:11
2025-09-19,05:13:52,17:58:30
2025-09-20,05:14:33,17:57:49
2025-09-21,05:15:14,17:57:07
2025-09-22,05:15:56,17:56:25
2025-09-23,05:16:38,17:55:43
2025-09-24,05:17:20,17:55:00
2025-09-25,05:18:03,17:54:17
2025-09-26,05:18:46,17:53:34
2025-09-27,05:19:30,17:52:50
2025-09-28,05:20:14,17:52:06
2025-09-29,05:20:58,17:51:22
2025-09-30,05:21:43,17:50:37
2025-10-01,05:22:28,17:49:52
2025-10-02,05:23:14,17:49:07
2025-10-03,05:24:00,17:48:21
2025-10-04,05:24:47,17:47:35
2025-10-05,05:25:34,17:46:49
2025-10-06,05:26:21,17:46:02
2025-10-07,05:27:09,17:45:15
2025-10-08,05:27:57,17:44:28
2025-10-09,05:28:46,17:43:40
2025-10-10,05:29:35,17:42:52
2025-10-11,05:30:24,17:42:04
2025-10-12,05:31:14,17:41:15
2025-10-13,05:32:04,17:40:26
2025-10-14,05:32:55,17:39:37
2025-10-15,05:33:46,17:38:47
2025-10-16,05:34:37,17:37:57
2025-10-17,05:35:29,17:37:07
2025-10-18,05:36:21,17:36:16
2025-10-19,05:37:13,17:35:25
2025-10-20,05:38:05,17:34:34
2025-10-21,05:38:58,17:33:42
2025-10-22,05:39:51,17:32:50
2025-10-23,05:40:44,17:31:58
2025-10-24,05:41:38,17:31:05
2025-10-25,05:42:32,17:30:12
2025-10-26,05:43:26,17:29:19
2025-10-27,05:44:20,17:28:25
2025-10-28,05:45:15,17:27:31
2025-10-29,05:46:10,17:26:37
2025-10-30,05:47:05,17:25:42
2025-10-31,05:48:01,17:24:47
2025-11-01,06:14:12,17:10:45
2025-11-02,06:15:02,17:09:55
2025-11-03,06:15:51,17:09:06
2025-11-04,06:16:40,17:08:18
2025-11-05,06:17:29,17:07:31
2025-11-06,06:18:18,17:06:45
2025-11-07,06:19:13,17:06:02
2025-11-08,06:20:02,17:05:18
2025-11-09,06:20:51,17:04:36
2025-11-10,06:21:40,17:03:54
2025-11-11,06:22:29,17:03:14
2025-11-12,06:23:18,17:02:35
2025-11-13,06:24:07,17:01:57
2025-11-14,06:24:56,17:01:20
2025-11-15,06:25:45,17:00:44
2025-11-16,06:26:34,17:00:09
2025-11-17,06:27:23,16:59:35
2025-11-18,06:28:12,16:59:02
2025-11-19,06:29:01,16:58:30
2025-11-20,06:29:50,16:58:00
2025-11-21,06:30:39,16:57:30
2025-11-22,06:31:28,16:57:02
2025-11-23,06:32:17,16:56:35
2025-11-24,06:33:06,16:56:09
2025-11-25,06:33:55,16:55:44
2025-11-26,06:34:44,16:55:21
2025-11-27,06:35:33,16:54:59
2025-11-28,06:36:22,16:54:38
2025-11-29,06:37:11,16:54:19
2025-11-30,06:38:00,16:54:01
2025-12-01,06:38:44,16:54:32
2025-12-02,06:39:33,16:54:30
2025-12-03,06:40:21,16:54:28
2025-12-04,06:41:09,16:54:29
2025-12-05,06:41:55,16:54:31
2025-12-06,06:42:42,16:54:36
2025-12-07,06:43:27,16:54:42
2025-12-08,06:44:12,16:54:49
2025-12-09,06:44:56,16:54:59
2025-12-10,06:45:39,16:55:10
2025-12-11,06:46:21,16:55:22
2025-12-12,06:47:02,16:55:37
2025-12-13,06:47:42,16:55:53
2025-12-14,06:48:22,16:56:11
2025-12-15,06:49:00,16:56:30
2025-12-16,06:49:37,16:56:51
2025-12-17,06:50:13,16:57:14
2025-12-18,06:50:47,16:57:38
2025-12-19,06:51:21,16:58:04
2025-12-20,06:51:53,16:58:31
2025-12-21,06:52:24,16:59:00
2025-12-22,06:52:53,16:59:30
2025-12-23,06:53:21,17:00:02
2025-12-24,06:53:48,17:00:35
2025-12-25,06:54:14,17:01:09
2025-12-26,06:54:37,17:01:44
2025-12-27,06:55:00,17:02:21
2025-12-28,06:55:20,17:02:59
2025-12-29,06:55:40,17:03:38
2025-12-30,06:55:57,17:04:18
2025-12-31,06:56:13,17:05:00